model,n_params,aicc,bic,loocv_rmse,resid_rms,aicc_weight,front_lon_E,channel
elastic_locked_fault,2,344.05715016536425,344.86643399633385,58.420001747004825,54.73965739939385,1.0,90.6,dilatation
constant,1,443.10985686348306,443.6764035408726,71.64280348947187,68.59009794636559,3.0972626237845407e-22,90.6,dilatation
piecewise,3,448.68934404297033,449.3428302289851,71.64280355941104,68.59009794139621,1.902864153001628e-23,90.6,dilatation
exponential,2,573.4146701305517,574.2239539615213,1112.2185894285412,85.97891500280325,1.56908816985542e-50,90.6,dilatation
linear,2,573.87118039978,574.6804642307495,86.00979871056441,86.00979871056441,1.2488704871026477e-50,90.6,dilatation
constant,1,443.10985686348306,443.6764035408726,71.64280348947187,68.59009794636559,0.7505412238967788,91.4,dilatation
elastic_locked_fault,2,445.7216103806794,446.530894211649,70.39439182568012,68.71761204488864,0.20334780122702356,91.4,dilatation
piecewise,3,448.68934404297033,449.3428302289851,71.64280347667118,68.59009802982645,0.046110974876197634,91.4,dilatation
linear,2,574.3798420940489,575.1891259250184,86.02946707738259,86.02946707738259,2.346710078529138e-29,91.4,dilatation
exponential,2,574.3798420940489,575.1891259250184,86.02946707738259,86.02946707738259,2.346710078529138e-29,91.4,dilatation
exponential,2,361.4558872084686,362.2651710394382,71.52070500104718,65.37679919627087,1.0,91.7,dilatation
constant,1,443.10985686348306,443.6764035408726,71.64280348947187,68.59009794636559,1.8580858527201867e-18,91.7,dilatation
piecewise,3,448.6893440429703,449.34283022898506,71.64280350586299,68.59009790301654,1.1415515543272072e-19,91.7,dilatation
elastic_locked_fault,2,555.7302228748409,556.5395067058105,82.83087543344264,81.6327192410487,6.514244010566384e-43,91.7,dilatation
linear,2,574.3798420940489,575.1891259250184,86.02946707738259,86.02946707738259,5.809659294544693e-47,91.7,dilatation
exponential,2,302.2327973924526,303.0420812234222,64.11073188337289,58.065365022113795,1.0,92.0,dilatation
constant,1,443.10985686348306,443.6764035408726,71.64280348947187,68.59009794636559,2.5641015575431193e-31,92.0,dilatation
piecewise,3,448.68934404297033,449.3428302289851,71.64280345434847,68.5900978921008,1.5753061755359423e-32,92.0,dilatation
elastic_locked_fault,2,556.4956695916136,557.3049534225831,83.10308314810034,82.40751431458561,6.13082367071777e-56,92.0,dilatation
linear,2,574.3798420940489,575.1891259250184,86.02946707738259,86.02946707738259,8.017151857718928e-60,92.0,dilatation
